{"cameraMode":{"drawMode":0,"name":"Shaded","section":"Shading Mode"},"sceneLighting":true,"audioPlay":false,"sceneViewState":{"showFog":true,"showMaterialUpdate":false,"showSkybox":true,"showFlares":true,"showImageEffects":true,"showParticleSystems":true},"in2DMode":false,"pivot":{"x":0.17900967597961427,"y":1.1179769039154053,"z":-0.3794867694377899},"rotation":{"x":-0.11935663968324661,"y":0.7630305886268616,"z":-0.1473870426416397,"w":-0.6179168820381165},"size":1.4424324035644532,"orthographic":false}